,alcohol,malic_acid,ash,alcalinity_of_ash,magnesium,total_phenols,flavanoids,nonflavanoid_phenols,proanthocyanins,color_intensity,hue,od280/od315_of_diluted_wines,proline,PC1,PC2,PC3
0,1.518612540989146,-0.5622497983286235,0.23205254099474312,-1.1695931750229027,1.9139052175708113,0.8089973946320397,1.0348189581307363,-0.6595631143050643,1.2248839840604524,0.2517168498188536,0.3621772757786114,1.8479195665066517,1.0130089267476907,4.690593981646119,-2.0413644342313186,-0.16573904461441027
1,0.24628962701505472,-0.4994133781369054,-0.8279963232661995,-2.4908471410952195,0.018145020611759512,0.5686476623890726,0.7336289414294697,-0.8207192355765833,-0.5447209874470061,-0.2933213287130475,0.40605066293567743,1.1134493025258219,0.9652415206686003,3.1246552510941683,0.471488742507652,-2.0264573738075398
2,0.19687902841412025,0.021231246308758504,1.1093343596934533,-0.26873819815541344,0.08835836123987255,0.8089973946320397,1.2155329681514961,-0.4984069930335457,2.1359677317672627,0.2690196491373267,0.31830388862154535,0.7885874549958394,1.3951481753804136,3.559208048305256,-1.4582681480497242,0.9828186702120686
3,1.6915496360924187,-0.34681064338559014,0.4879264047818666,-0.8092511842759069,0.930918448777229,2.4914455203328107,1.466524648735885,-0.9818753568481025,1.0321547297378582,1.1860680130163985,-0.42754369304857665,1.1840714432932098,2.3345738282691912,5.313293140066814,-3.898098543313966,-0.17619184219947662
4,0.2957002256159914,0.22769376979583217,1.84040254194238,0.45194578333857716,1.281985151917794,0.8089973946320397,0.663351270865841,0.22679555268828971,0.4014044428639123,-0.3192755276907569,0.3621772757786114,0.44960117931237975,-0.03787400699229761,1.4268120751193107,-1.2301265446183087,2.026688219235414
5,1.481554592038443,-0.5173666410488249,0.3051593592196358,-1.289707171938568,0.8607051081491158,1.5620932223266708,1.3661279765021292,-0.17609475049050752,0.6642170623947229,0.731869530906481,0.40605066293567743,0.33660575408455967,2.2390390161110103,4.313710465765376,-3.001528441111449,-0.6293958270439004
6,1.7162549353928882,-0.4186236950332678,0.3051593592196358,-1.4698781673120658,-0.2627083419006926,0.3282979301461054,0.49267692806845687,-0.4984069930335457,0.6817379036967769,0.08301455646374147,0.27443050146447934,1.367689009288417,1.7295200179340462,3.4635358262108316,-1.661488989934509,-0.97709489071419
7,1.30861749693517,-0.16727801426639569,0.8900139050187754,-0.5690231904445764,1.4926251738021332,0.4885310849747504,0.4826372608450811,-0.4178289323977861,-0.5972835113531684,-0.003499440128623882,0.44992405009274344,1.367689009288417,1.7454424866270764,2.9124835544387166,-2.2754173926370935,0.14628188306156847
8,2.2597715200031785,-0.6250862185203416,-0.7183360959288614,-1.6500491626855633,-0.19249500127257957,0.8089973946320397,0.9545016203437319,-0.5789850536693052,0.6817379036967769,0.06138605731565023,0.5376708244068755,0.33660575408455967,0.9493190519755701,3.550912484795663,-1.2983483990822962,-1.770969027228938
9,1.061564503930491,-0.8854085307431735,-0.3528020048043981,-1.0494791781072375,-0.12228166064446655,1.0974170733236006,1.125175963141116,-1.1430314781196214,0.4539669667700745,0.9351774228985393,0.2305571143074133,1.325315724827984,0.9493190519755701,3.8942183286847185,-1.1164334649837642,-0.9842474895182324
10,1.3580280955361046,-0.15830138281043576,-0.24314177746705992,-0.4489091935289116,0.36921172375232464,1.0493471268750074,1.2958503059385003,-1.1430314781196214,1.3825715557789386,0.29929954794465463,1.283518406076997,0.7885874549958394,2.4301086404273717,4.9210908102056425,-1.8417773266694437,-0.4227352165808389
11,1.3827333948365716,-0.7687123218156972,-0.17003495924216727,-0.8092511842759069,-0.33292168252880566,-0.15240153433982878,0.40231992305807707,-0.8207192355765833,-0.03661658968743881,-0.02512793927671512,0.9325313088204689,0.29423246962412686,1.697675080547986,2.4815953516243434,-0.8654664967555863,-1.190878319630171
12,0.925685357777919,-0.5442965354167041,0.15894572276985047,-1.0494791781072375,-0.7542017262974838,0.4885310849747504,0.7336289414294697,-0.5789850536693052,0.38388360156185825,0.23441405050038053,0.8447845345063367,0.40722789485194694,1.825054830092227,2.9888871052383883,-0.9555930689969733,-0.8650864256166508
13,2.160950322801307,-0.5442965354167041,0.08583890454495782,-2.430790142637387,-0.6137750450412578,1.2896968591179747,1.6673179932033955,0.5491077952313275,2.1359677317672627,0.14790005390801558,1.283518406076997,0.16711261624282955,1.2836908945292027,4.890572274718996,-1.59895210490799,-1.2042763525381848
14,1.7039022857426547,-0.4186236950332678,0.04928549543251068,-2.250619147263889,0.15857170186798558,1.6101631687752638,1.6171196570865178,-0.5789850536693052,2.398780351298073,1.0562970181278508,1.064151470291667,0.5484721763867221,2.5479349087557948,6.099197492532277,-2.964157085050374,-1.263912752357988
15,0.7774535619751135,-0.4724834837690262,1.2189945870307932,-0.6891371873602422,0.8607051081491158,0.8891139720463626,0.8842239497801032,-0.4984069930335457,-0.22934584401003347,0.9697830215354855,1.4151385675481951,0.37897903854499193,1.7932098927061668,3.260028417433353,-2.351203204697368,0.21790261559596774
16,1.6050810885407834,-0.3737405377534693,1.2921014052556858,0.1516607910494142,1.42241183317402,0.8089973946320397,1.1151362959177407,-0.25667281112626705,0.6642170623947229,0.4939560402774766,0.49379743724980946,0.054117191015009475,1.697675080547986,3.071608604993015,-3.2913067702251633,0.8317298659860228
17,1.0245065549797903,-0.6879226387120596,0.9265673141312225,0.1516607910494142,1.0713451300334549,1.0493471268750074,1.3761676437255046,0.3073736133240493,0.2261960298433717,0.6669840334622069,0.7570377601922047,-0.05887823421281061,1.2200010197570823,2.685550792450649,-2.307103993410074,0.7949137923810803
18,1.4692019423882092,-0.6699693758001402,0.41481958655697393,-0.899336681962656,0.5798517456366638,1.6101631687752638,1.9082700065644087,-0.3372508717620266,0.47148780807212853,1.575380997682042,1.195771631762865,0.29423246962412686,2.971472575990396,5.0091233406076325,-3.561475771849885,-0.4854585076662783
19,0.7898062116253471,0.6855019740497783,0.7072468594565445,-1.289707171938568,1.141558470661568,0.6487642398033954,1.0046999564606094,-1.5459217812984185,0.12107098203104735,0.01812905901946736,0.01119017852208315,1.0569515899119117,0.3124203042543651,2.947959572997477,-1.5006757420756667,-0.16474667849946892
20,1.30861749693517,-0.6340628499763014,-0.31624859569195257,-1.0494791781072375,1.8436918769426982,1.1294637042893296,1.1452552975878671,-0.9818753568481025,0.8919879993214256,0.2560425496484722,0.5815442115639415,1.5513065752836244,0.10542821124497352,4.418572439546335,-1.1128405590036319,-0.3648870829888417
21,-0.08723191354125955,1.3138661759669588,1.0362275414685607,-0.26873819815541344,0.15857170186798558,0.18408809080032532,0.382240588611326,-0.9012972962123429,0.6817379036967769,-0.2414129307576283,0.31830388862154535,1.282942440367552,0.07358327385891326,1.5366421271041162,-0.3418770089111231,0.9369615996106464
22,0.8762747591769846,-0.4276003264892275,-0.023821322792381975,-0.8693081827337393,0.08835836123987255,0.5045544004576146,0.8541049481099763,-0.7401411749408239,0.17363350593720953,-0.5442119188309068,0.6692909858780736,1.960914991734472,0.9174741145895099,3.5853482774546825,0.12988225140023119,-0.3119326593479707
23,-0.1860531107431307,-0.6609927443441804,0.5610332230067593,-0.508966191986744,-0.33292168252880566,0.29625129918037646,0.34208191971782376,-0.8207192355765833,-0.22934584401003347,-0.4879778210458693,0.5815442115639415,1.4383111500558043,0.8537842398173894,2.3263648221476907,0.7301286648685563,0.14388509467079233
24,0.6168691165220721,-0.4724834837690262,0.8900139050187754,0.1516607910494142,-0.2627083419006926,0.37636787659469856,0.5830339330788366,-0.6595631143050643,0.12107098203104735,-0.6653315140602182,0.7131643730351397,1.7066752849718767,0.3124203042543651,2.4912444897124586,0.4485163218944172,0.890285647405688
25,0.060999882261548254,-0.25704432882599304,3.1197718608780005,1.653085752495229,1.7032651956864722,0.5366010314233436,0.6533116036424657,0.8714200377743652,0.5766128558844525,-0.6393773150825085,0.7570377601922047,0.8309607394562722,0.26465289817527476,1.4001832933174139,-1.3303045073505402,3.8209080081948463
26,0.48098997036950003,-0.5083900095928652,0.9265673141312225,-1.0194506788783209,-0.4733483637850317,0.8891139720463626,0.9143429514502296,-0.17609475049050752,-0.24686668531208752,-0.11164193586908047,-0.16430337010618049,0.8592095957632273,1.426993112766474,2.5106216986554664,-0.9703981810690585,-0.08670040648875962
27,0.3698161235173953,-0.5532731668726638,-0.8279963232661995,-0.7491941858180745,-0.4031350231569187,0.16806477531746047,0.1613679096970638,-0.7401411749408239,-0.42207509833262774,-0.47932642138663273,0.27443050146447934,0.2236103288567396,1.713597549241016,1.7471533256078007,0.12700633588880014,-1.3868965448964374
28,1.0739171535807246,-0.3916938006653888,1.5845286781552548,-0.02851020432408396,0.5096384050085507,1.0493471268750074,0.9444619531203565,0.06563943141677064,0.29627939505158796,-0.2414129307576283,1.283518406076997,1.1134493025258219,0.5353348659567869,3.0948739181651552,-0.9751987097401161,1.394566880850365
29,1.2592068983342333,-0.5891796926965027,-0.572122459479076,-1.0494791781072375,-0.2627083419006926,0.5686476623890726,0.30192325082432153,-0.8207192355765833,0.6817379036967769,-0.15489893416526296,0.3621772757786114,1.3818134374418942,0.9174741145895099,3.1906199195231637,-0.2707680678233552,-1.0926572575082931
30,0.9009800584774519,-0.7507590589037777,1.2189945870307932,0.9023732717723215,0.08835836123987255,1.1294637042893296,1.2255726353748715,-0.5789850536693052,1.3825715557789386,0.2776710487965634,1.0202780831346008,0.13886375993587455,1.713597549241016,3.535845069388212,-1.7548040379626517,1.3860178547156878
31,0.7156903137239432,-0.6071329556084222,-0.023821322792381975,-0.11859570201083199,0.4394250643804377,0.9051372875292266,1.1653346320346183,-1.1430314781196214,0.6291753797906147,0.7967550283507551,0.5815442115639415,0.37897903854499193,2.446031109120402,3.786431015342879,-2.0815436724187535,-0.3322617283750851
32,0.8392168102262816,-0.45453022085710676,-0.023821322792381975,-0.6891371873602422,0.2989983831242116,0.20011140628318946,0.663351270865841,0.4685297345955679,0.6642170623947229,-0.5269091195124338,1.195771631762865,0.36485461039151473,0.7741718963522388,2.303158673854195,-0.07453534880104515,-0.1671287062453333
33,0.9380380074281527,-0.7238291645358985,1.2189945870307932,0.00151829490483276,2.2649719207113765,1.0493471268750074,0.713549606982719,1.1131542196816437,-0.42207509833262774,0.14790005390801558,1.283518406076997,0.5484721763867221,1.554372862310715,2.6908112223805456,-2.3094962150265927,1.172082119175356
34,0.6292217661723056,-0.48146011522498594,1.0362275414685607,-0.1486242012397487,0.7202784268928898,0.08794819790313833,0.5027165952918322,-0.5789850536693052,-0.08917911359360099,-0.37118392564617614,0.6254175987210076,0.36485461039151473,1.1085437389058714,1.9945905825266306,-0.9870281875110772,0.47974302516866635
35,0.5921638172216048,-0.4724834837690262,0.15894572276985047,0.3018032871939957,0.018145020611759512,0.6487642398033954,0.9545016203437319,-0.8207192355765833,0.47148780807212853,0.01812905901946736,0.3621772757786114,1.2123202996001647,0.551257334649817,2.6924168779711097,-0.24990702365903528,0.4508350400372102
36,0.34511082421692585,-0.6250862185203416,1.73074231460504,-1.1996216742518189,0.7202784268928898,0.4885310849747504,0.6533116036424657,-0.17609475049050752,-0.4045542570305737,-0.19815593246144583,0.5815442115639415,0.2377347570102168,0.423877585105576,1.9584909482143535,-0.9314574137670183,0.45843858085206635
37,0.060999882261548254,-0.6161095870643819,0.6706934503440974,-0.4489091935289116,-0.12228166064446655,0.2481813527317833,0.40231992305807707,-0.5789850536693052,-0.2643875266141416,-0.3495554264980849,0.7131643730351397,-0.14362480313367568,1.1403886762919317,1.587040939641691,-0.16137557061100194,-0.039107276689748095
38,0.0857051815620155,-0.7507590589037777,-0.9742099597159848,-1.1996216742518189,-0.12228166064446655,0.16806477531746047,0.6131529347489635,-0.6595631143050643,-0.3870334157285196,-0.5874689171270893,0.9764046959775349,0.11061490362891951,0.8697067085104195,2.124423836096523,1.088141178818655,-1.4261773458904665
39,1.5062598913389122,1.484422173630194,0.5244798138943121,-1.8902771565168939,1.9841185581989245,1.1294637042893296,1.0147396236839852,-1.30418759939114,0.8569463167173175,0.01812905901946736,-0.29592353157737855,1.2970668685210291,0.041738336472853015,3.577679014938488,-2.5498298475321244,-0.3431523889796817
40,0.6909850144234759,-0.5622497983286235,-0.2065883683546128,-0.9894221796494052,1.211771811289681,1.3698134365322967,1.2657313042683738,-0.17609475049050752,1.3124881905707224,0.46367614147014863,-0.03268320863498288,1.085200446218867,0.1531956173240639,3.660119651959066,-1.1025439508362318,-0.11847746611373203
41,0.5056952696699673,1.3497727017907977,-0.9011031414910922,-0.2086811996975811,-0.6839883856693708,0.2481813527317833,0.6533116036424657,-0.7401411749408239,-0.19430416140592535,-0.33657832700923,-0.20817675726324653,0.5484721763867221,0.9174741145895099,0.9453763017693781,-0.24036106729832304,-0.7833625480611455
42,1.0862698032309606,-0.40067043212134856,0.8169070867938827,-1.3497641703964005,0.08835836123987255,1.5300465913609418,1.5368023192995135,-1.5459217812984185,0.19115434723926358,0.1608771533968701,-0.3397969187344446,1.339440152981462,1.1085437389058714,4.342776893270769,-1.6347162654418534,-0.31275808393414817
43,0.2957002256159914,1.475445542174234,-0.27969518657950543,-0.5990516896734931,0.2287850424960986,0.5526243469062084,0.6031132675255877,-0.3372508717620266,0.12107098203104735,-0.30197272837228384,-0.6030372416768408,0.5484721763867221,-0.21302116261562898,0.6536624309279102,-0.4677400089945103,-0.20147649625677114
44,0.060999882261548254,-0.5083900095928652,-0.9742099597159848,-0.7491941858180745,0.5096384050085507,1.1294637042893296,0.974580954790483,-0.6595631143050643,0.7693421102070468,-0.007825139958242053,-0.3397969187344446,1.0428271617584346,0.43980005379860615,2.9717603994857447,0.1004217790627111,-0.6558494150434356
45,1.4939072416886787,1.5293053309099924,0.26860595010718863,-0.17865270046866544,0.7904917675210028,0.8891139720463626,0.6231926019723388,-0.4984069930335457,-0.5972835113531684,0.0786888566341233,-0.38367030589151063,1.0145783054514796,1.060776332826781,1.6067816174163931,-2.5132093769424615,0.028705735784761283
46,1.7039022857426547,1.1253569153918046,-0.31624859569195257,-1.0494791781072375,0.15857170186798558,1.5300465913609418,1.1452552975878671,-0.7401411749408239,1.0496755710399117,-0.06838493757289761,0.3621772757786114,1.169947015139732,1.0130089267476907,3.8559960619603735,-1.684801678691423,-0.5397732611476671
47,1.1109751025314278,-0.5891796926965027,-0.9011031414910922,-1.0494791781072375,0.08835836123987255,1.2896968591179747,1.3661279765021292,-1.223609538755381,0.9620713645296418,0.45069904198129374,-0.20817675726324653,1.0145783054514796,0.7582494276592087,3.9899762656185405,-0.9139476757064477,-1.1555524107274042
48,1.3580280955361046,-0.283974223193872,0.12239231365740333,-0.2086811996975811,0.2287850424960986,0.7288808172177176,0.8942636170034786,-0.3372508717620266,1.3825715557789386,0.4939560402774766,0.49379743724980946,0.1953614725497846,0.9970864580546606,2.842358331707361,-1.7635659759707054,-0.05729398793991489
49,1.1603857011323622,-0.5442965354167041,-0.3528020048043981,-0.6290801889024098,0.5798517456366638,0.9371839184949556,1.5167229848527624,-0.3372508717620266,0.8569463167173175,1.661894994274408,0.7131643730351397,0.6897164579214972,1.6339852057758655,3.828970922500753,-2.477656068106835,-0.643113612000785
50,0.060999882261548254,-0.5442965354167041,-1.1935304143906629,-2.130505150348224,-0.5435617044131448,0.6808108707691244,1.2456519698216226,-1.5459217812984185,2.311176144787803,0.926526023239303,0.7131643730351397,0.42135232300542474,1.2836908945292027,4.5465798947354,-0.2361623441322291,-1.9735716799013738
51,1.0245065549797903,-0.6161095870643819,0.8534604959063299,-0.6891371873602422,-0.4031350231569187,0.2481813527317833,0.9645412875671077,-1.1430314781196214,1.2248839840604524,0.23441405050038053,1.239645018919931,1.0710760180653895,1.6499076744688956,4.043179761223429,-1.0539833923512718,0.004719502164702011
52,1.0121539053295565,-0.5263432725047846,0.19549913188229598,-1.6500491626855633,0.7904917675210028,2.539515466781404,1.7175163293202735,-0.3372508717620266,0.48900864937418265,0.8616405257950288,0.2305571143074133,0.9157073083771367,1.4110706440734437,4.957673224460819,-2.2807500917029744,-0.5207745300761668
53,0.9503906570783863,-0.3916938006653888,1.1458877688059004,-0.7191656865891578,1.0713451300334549,1.1294637042893296,0.7637479430995966,0.22679555268828971,0.15611266463515547,0.5372130385736591,0.7570377601922047,0.44960117931237975,2.000201985715558,3.1463301437993603,-2.651888016710046,0.3395498503542199
54,0.9133327081276855,-0.5981563241524624,-0.42590882302929073,-0.9293651811915727,1.281985151917794,0.4885310849747504,0.8741842825567274,-1.223609538755381,0.05098761682283149,0.34255654624083715,-0.16430337010618049,0.8309607394562722,0.9970864580546606,3.0362992983339123,-1.437903814260593,-0.9577627619503223
55,0.6909850144234759,-0.5442965354167041,0.3417127683320813,0.3018032871939957,1.141558470661568,1.0653704423578716,0.7537082758762208,-1.30418759939114,1.5052174448933173,0.5155845394255678,0.09893695283621522,0.5908454608471543,1.188156082371022,3.492159245954583,-1.8795015774272419,0.5134374530359787
56,1.5062598913389122,-0.5712264297845833,-0.24314177746705992,-0.9593936804204884,1.281985151917794,1.4499300139466196,0.974580954790483,-0.8207192355765833,0.7693421102070468,0.5718186372106052,-0.0765565957920489,0.9863294491445246,0.7104820215801183,3.8770918158599725,-2.0315867726539736,-0.6124733957169508
57,0.3574634738671595,-0.3288573804736707,1.1458877688059004,-0.8092511842759069,0.15857170186798558,1.1294637042893296,1.2054933009281206,-0.4178289323977861,0.12107098203104735,0.4074420436851112,0.49379743724980946,0.32248132593108186,1.6658301431619258,3.0741338915145193,-1.714309455021319,0.26177959277079704
58,0.8886274088272182,-0.8135954790954959,0.4879264047818666,-0.8392796835048236,0.5798517456366638,1.7703963236039089,1.6472386587566443,-1.3847656600268996,0.7868629515091012,0.7534980300545723,-0.29592353157737855,0.36485461039151473,1.713597549241016,4.439753988161471,-2.4488226701586266,-0.28566141261643946
59,-0.7789802939543575,-1.2534504204375223,-3.6791622340370105,-2.6710181364687173,-0.8244150669255969,-0.5049144749628477,-1.4650581804897744,-0.6595631143050643,-2.0515133394236544,-1.3444663873102856,0.40605066293567743,-1.1182103457236228,-0.722540160792593,-1.3132132142244024,4.346565815747762,-4.585064007148227
60,-0.828390892555292,-1.1098243171421667,-0.31624859569195257,-1.0494791781072375,0.08835836123987255,-0.39275126658279663,-0.942995484874246,2.1606690079465167,-2.0690341807257084,-0.7734740098006747,1.283518406076997,-1.3300767680257852,-0.21302116261562898,-2.1813963307048914,1.9536561447991094,-0.8746831124458181
61,-0.4454587533980411,-0.8764318992872138,-1.2666372326155555,-0.8092511842759069,0.018145020611759512,-0.44082121303138977,-0.6217261337262288,1.3548884015889224,-1.7010965133825733,0.29929954794465463,0.09893695283621522,-1.443072193253605,-0.9454547224950147,-2.596849319399335,1.17377480337971,-1.605702186320626
62,0.826864160576048,-0.9751748453027709,-1.6321713237400186,-0.4489091935289116,-0.4031350231569187,-0.31263468916847376,-0.2402187792379579,-0.3372508717620266,-1.5083672590599788,-0.5442119188309068,1.195771631762865,-0.21424694390106291,-0.37224584954593026,0.04328459986668271,1.7858492915205662,-1.7844080104188633
63,-0.7789802939543575,-1.0828944227742876,-0.7548895050413069,-0.1486242012397487,-0.8946284075537099,1.9306294784325537,1.0749776270242386,-1.3847656600268996,0.48900864937418265,-0.26304142990571955,1.151898244605799,0.36485461039151473,-1.0409895346531954,2.899507771847285,2.722407217506573,-0.0073687773498286495
64,-1.0260332869590343,-0.7956422161835763,0.5975866321192047,-0.1486242012397487,0.2989983831242116,-0.6491243143086283,-0.2803774481314601,0.7102639165028465,-0.9827420199983573,-0.9118964043484591,2.1609861492183167,-0.5391087914310454,-1.247981627662587,-0.8622188945134414,2.6984026399568792,0.6793579379775254
65,-0.7789802939543575,-1.0110813711266098,0.7072468594565445,-0.4188806942999949,-0.12228166064446655,0.20011140628318946,0.6231926019723388,0.06563943141677064,0.8569463167173175,-0.19815593246144583,1.0202780831346008,-0.44023779435670307,-0.21939015009284105,1.2731144187254595,1.0803339664311318,0.5733613020971875
66,0.13511578016294998,-1.1906140002458043,-2.436346324213837,-1.3497641703964005,-1.5265484732067272,1.0974170733236006,1.155294964811243,-0.8207192355765833,1.207363142758398,0.10464305561183271,0.7131643730351397,0.8027118831493172,-0.7798610480875015,3.179869364320513,2.665216251197174,-2.0318401928675986
67,-0.7789802939543575,-1.0469878969504487,-1.6321713237400186,0.03154679413374948,-1.5265484732067272,-0.29661137368560964,-0.029385767547071496,-0.7401411749408239,-0.9652211786963032,-0.16355033382449968,0.7131643730351397,1.2264447277536419,-0.7543850981786533,0.2593441776601676,3.432502953274934,-1.0697455602478128
68,0.4192267221183298,-1.2534504204375223,-0.023821322792381975,-0.7491941858180745,0.7202784268928898,0.37636787659469856,-0.7321624731833596,1.5160445228604413,-2.0515133394236544,-0.8167310080968574,0.27443050146447934,-0.9628416360353703,0.009893399086792766,-1.1494798932463346,0.31185387097014294,-0.7070053958009687
69,-0.9766226883580976,-1.0290346340385292,-2.2535792786516056,-0.8092511842759069,3.5990253926455242,-0.7132175762400859,-0.7522418076301107,-1.787655963205697,1.5928216514035873,-0.9551534026446418,1.4151385675481951,0.6473431734610643,-0.09201040054860003,2.7939493035032106,1.9845421690834943,-1.2382762196848736
70,-0.8778014911562286,-0.6520161128882207,-0.572122459479076,0.271774787965079,0.2287850424960986,-1.9149662374549221,-1.0132731554378749,0.06563943141677064,-0.22934584401003347,-0.8686394060522766,-0.22572611212607294,-1.1182103457236228,0.3920326477195158,-2.2234495007784703,1.2515551546870807,-0.6289979502315989
71,1.061564503930491,-0.741782427447818,1.1093343596934533,1.653085752495229,-0.9648417481818229,1.0493471268750074,0.8340256136632253,-1.223609538755381,0.48900864937418265,-0.7258913116748739,1.7661256648047234,0.7744630268423622,-1.0728344720392557,2.3443160961511977,1.352995364934523,1.9525842166061946
72,0.6045164668718385,-0.6071329556084222,-0.46246223214173626,1.3528007602060659,-0.8946284075537099,-0.6651476297914927,-0.19002044312108013,-0.7401411749408239,-0.9827420199983573,-0.5701661178086163,0.09893695283621522,0.2377347570102168,-0.8753958602456822,-1.0258314689305623,1.5042217512343243,0.08033222861543143
73,-0.013116015639855648,-0.5981563241524624,0.8534604959063299,3.1545107139410433,2.7564653051081676,1.6101631687752638,0.8641446153333521,-1.223609538755381,0.6466962210926688,-0.7388684111637286,1.5467587290193932,1.254693584060597,0.7582494276592087,3.623536418178396,-0.3679763192455076,3.374393962239761
74,-1.2854389296139446,-1.1188009485981263,-0.24314177746705992,0.45194578333857716,0.08835836123987255,1.7383496926381798,0.11116957358018625,-1.8682340238414565,0.10355014072899328,-0.7994282087783843,0.14281033999328124,0.7320897423819294,0.44298454753721217,2.5916419115291727,1.8213348140989776,0.4582800273995514
75,-1.656018419120962,-0.4096470635773083,-1.6321713237400186,-1.0494791781072375,-0.19249500127257957,-1.0977771478288334,-0.46109145815221986,-0.17609475049050752,-0.772491924373709,-0.5442119188309068,1.195771631762865,-0.6662286448123427,-1.0155135847443473,-1.22752733574255,3.4564810444605905,-1.5633331789503944
76,0.036294582961078826,-1.2893569462613612,-2.399792915101391,-1.0494791781072375,-0.9648417481818229,-0.5529844214114412,0.0007332341230549406,-0.9818753568481025,-0.22934584401003347,-0.19815593246144583,1.0202780831346008,-0.18599808759410788,-1.1301553593341642,0.5232793888270801,3.0460844563569838,-2.449386348303753
77,-1.4336707254167524,0.49699271347462415,-0.4990156412541834,-0.4489091935289116,0.8607051081491158,-0.9215206775173244,-0.7120831387366084,0.5491077952313275,-1.1229087504147899,-1.0416673992370071,0.01119017852208315,-0.12950037498019784,-0.7862300355647135,-2.0610423823974826,1.9563548333604537,-0.22730690232731368
78,-0.828390892555292,-1.2085672631577238,-1.5225110964026798,-1.4098211688542328,2.5458252832238286,-0.6331009988257638,-0.1799807758977046,-0.09551668985474843,2.0483635252569923,-0.7172399120156373,0.44992405009274344,-0.42611336620322526,0.009893399086792766,1.7860539360254157,1.0901458598326446,-1.1842245173752461
79,-0.37134285549663937,1.3767025961586772,0.12239231365740333,1.052515767916903,0.08835836123987255,0.8570673410806335,0.5227959297385832,0.5491077952313275,0.6291753797906147,-1.0762729978739531,1.0202780831346008,0.7320897423819294,-0.9040563038931364,0.5319569574810856,1.452458710171649,1.7944662945426535
80,-1.2360283310130102,-1.2714036833494418,-1.3397440508404481,-0.1486242012397487,-0.9648417481818229,0.20011140628318946,0.23164558026069246,-0.4984069930335457,-0.28190836791619567,-1.106552896681281,1.8538724391188546,0.7179653142284521,-1.493187645535251,1.077721108586779,4.773046871789406,-0.35747005553948463
81,-0.3466375561961699,-0.4724834837690262,-0.6086758685915216,-0.2086811996975811,-0.9648417481818229,-0.15240153433982878,0.5027165952918322,-0.8207192355765833,0.313800236353642,-0.5009549205347241,0.8886579216634027,0.7462141705354072,-0.10474837550302414,1.4631141924973916,2.0516133868915087,-0.3630117731639694
82,-1.1372071338111391,-1.0828944227742876,0.5244798138943121,1.3528007602060659,-1.5265484732067272,-0.47286784399711873,-0.4510517909288443,0.3073736133240493,-0.33447089182235784,-1.236323891569829,1.5467587290193932,0.15298818808935236,-0.37224584954593026,-0.6998614195863204,3.3675868908675666,1.335743176284854
83,0.060999882261548254,1.3677259647027171,-0.17003495924216727,0.9023732717723215,-1.035055088809936,-1.0336838858973758,-0.4410121237054688,1.9995128866749978,0.05098761682283149,-0.11164193586908047,-0.5152904673627088,-0.8498462108075506,-0.7384626294856231,-3.5906558271646545,0.12366358184014963,0.4742513927691471
84,-1.4336707254167524,-1.2983335777173208,0.7803536776814372,-0.4489091935289116,-0.4031350231569187,-0.15240153433982878,0.1814472441438149,-1.1430314781196214,1.3300090318727769,-0.8686394060522766,-0.7346574031480384,0.6614676016145421,-0.722540160792593,1.1813210785400796,2.084084880260948,0.6100935756920994
85,-0.4084008044473402,-1.2175438946136834,-0.46246223214173626,-0.4489091935289116,-0.05206832001635352,-0.15240153433982878,-0.08962377088732482,-0.4984069930335457,-0.22934584401003347,-1.0546444987258619,1.195771631762865,0.7744630268423622,-0.9454547224950147,1.1142653923747954,2.8660827139314504,-0.2547234039695616
86,-1.0383859366092678,-0.6520161128882207,-0.2065883683546128,0.9924587694590706,-0.6839883856693708,-0.8253807846201373,-0.34061545147171346,0.5491077952313275,-0.05413743098949287,-1.1281813958293723,1.6345055033335254,-0.49673550697061314,-0.8021525042577436,-1.1410329775251922,3.159113234772656,0.7728557971982526
87,-1.6683710687711957,-0.5981563241524624,0.9265673141312225,1.9533707447843918,-0.8244150669255969,-0.6010543678600347,-0.42093278925871763,0.3073736133240493,-0.4395959396346818,-1.0632958983850984,1.7661256648047234,0.8450851676097495,-0.5887914237711399,-0.7891914484814752,3.3559081767926604,2.307611404011992
88,-1.6807237184214292,-0.2480676973700331,0.3417127683320813,0.6321167787120754,-1.105268429438049,-0.5529844214114412,-0.34061545147171346,0.9519980984101246,-0.42207509833262774,-0.9767819017927332,0.18668372715034728,0.1953614725497846,-0.21302116261562898,-1.5770051590344754,2.548762421202116,0.9592533076886445
89,-1.1372071338111391,-0.903361793655093,-0.24314177746705992,1.2326867632904013,-2.0882551982316313,-0.15240153433982878,-0.4410121237054688,0.4685297345955679,-0.36951257442646596,-1.4353060837322689,0.49379743724980946,0.8450851676097495,-0.38816831823896036,-0.7859107630380577,3.7583291606012605,0.8491268977432109
90,-1.1372071338111391,-0.45453022085710676,-0.17003495924216727,-0.29876669738433015,-1.315908451322388,-1.113800463311698,-0.5313691287158487,1.2743103409531629,0.08602929942693922,-1.1498098949774638,0.5376708244068755,-0.48261107881713533,-0.849919910336834,-1.9081775459423367,2.995306403695835,-0.04765232084870411
91,-1.2360283310130102,-0.741782427447818,0.19549913188229598,0.7522307756277401,-0.9648417481818229,-1.3541501955546653,-0.7823608093002373,1.1131542196816437,0.06850845812488517,-0.6307259154232719,0.40605066293567743,0.054117191015009475,-0.9454547224950147,-2.212512519105892,2.619426897105243,0.7810670309346218
92,-0.38369550514687295,-0.7238291645358985,-0.38935541391684525,0.36186028565182804,-1.3861217919505011,-1.466313403934717,-0.5715277976093509,1.7577787047677191,0.05098761682283149,-0.8686394060522766,0.01119017852208315,-0.7792240700401627,-0.8021525042577436,-2.733046354595236,2.2054596256052523,-0.08927467610868679
93,-0.8778014911562286,0.44313292473886573,-0.5355690503666289,-0.4489091935289116,-0.8244150669255969,0.2481813527317833,0.2216059130373171,-0.9012972962123429,0.699258744998831,-1.2579523907179202,0.8447845345063367,0.9722050209910468,-1.4549737206719788,1.0559451017221468,3.2709793920227517,0.11467976874540227
94,-1.7054290177218987,-0.31090411756175124,-0.31624859569195257,-0.4489091935289116,-0.12228166064446655,1.1615103352550586,0.23164558026069246,-1.5459217812984185,-0.42207509833262774,-0.7821254094599113,0.8886579216634027,0.491974463772812,-1.2798265650486473,1.3540463608579716,3.1445440686289374,0.14244477369871225
95,-0.6554537974520169,-0.7328057959918582,-0.6086758685915216,-0.1486242012397487,4.371372139554768,0.3282979301461054,0.24168524748406822,-0.3372508717620266,2.9594472729638026,-1.0632958983850984,0.8886579216634027,0.025868334708054455,0.6053937282061195,3.597568644343736,-0.23938961880083703,0.788696990745479
96,-1.4707286743674532,-0.19420790863427467,1.3652082234805785,0.6020882794831586,2.4053986019676024,-1.113800463311698,-1.0433921571080016,-1.787655963205697,-0.05413743098949287,-1.106552896681281,-0.03268320863498288,-0.49673550697061314,-0.38816831823896036,-0.7692651283352967,0.5217409246991761,1.3088959318568587
97,-0.8778014911562286,-0.8315487420074154,-1.4128508690653407,-1.0494791781072375,-1.035055088809936,0.4084145075604276,0.4725975936217057,-0.5789850536693052,0.313800236353642,-0.9335249034965505,1.195771631762865,0.1812370443963074,-1.0155135847443473,1.4581245404803105,3.628262968187637,-1.0863901738177548
98,-0.7789802939543575,-1.1367542115100457,-0.9742099597159848,-0.29876669738433015,-0.8244150669255969,1.9626761093982827,1.7275559965436489,-0.9818753568481025,0.6291753797906147,-0.2414129307576283,0.3621772757786114,0.2236103288567396,-0.2767110373877495,3.1846808460376304,2.026202291470129,-0.2302082437978233
99,-0.8778014911562286,0.7483383942414963,-0.572122459479076,-0.4489091935289116,-0.8244150669255969,0.8891139720463626,0.9645412875671077,0.7102639165028465,2.1359677317672627,-1.1930668932736463,2.0293659877471186,0.30835689777760467,-1.0855724469936798,1.9943466147659772,3.063457778944577,0.7488964107708671
100,-1.1372071338111391,-0.2301144344581136,-2.436346324213837,-0.5990516896734931,-0.19249500127257957,-0.10433158789123564,0.1412885752503127,-0.8207192355765833,-0.33447089182235784,-0.76049691031182,1.371265180391129,0.491974463772812,-0.11748635045744824,1.128146149799949,3.3615132343848364,-1.5681125312755413
101,-0.49486935199897775,-0.8943851621991332,-1.7052781419649115,-0.29876669738433015,-0.8244150669255969,-1.3541501955546653,-0.6719244698431063,-0.5789850536693052,-0.42207509833262774,-1.1281813958293723,0.3621772757786114,0.2236103288567396,-0.5887914237711399,-0.7771552207819796,3.242973627544154,-1.4989353232010907
102,-0.8160382429050584,0.1020209294123963,0.3417127683320813,0.45194578333857716,-0.12228166064446655,0.4244378230432924,0.08105057191005936,-0.17609475049050752,-0.49215846354084397,-0.9767819017927332,-0.6907840159909724,1.085200446218867,-0.9836686473582871,-0.22793408893362804,1.6468281065074555,1.0037131028373494
103,-1.4583760247172197,-0.5532731668726638,-1.778384960189804,0.00151829490483276,-0.9648417481818229,0.3282979301461054,-0.3908137875885912,0.06563943141677064,-0.2994292092182497,-1.2968836891844846,-0.0765565957920489,-0.24249580020801795,-1.0569120033462256,-0.9330909549151913,3.7900374558600074,-0.7649208684795303
104,-0.6060431988510825,-0.5442965354167041,-1.4128508690653407,0.3018032871939957,-1.035055088809936,-0.15240153433982878,-0.10970310533407593,-0.3372508717620266,-0.19430416140592535,-0.9162221041780775,0.3621772757786114,1.3535645811349393,-0.2384971125244772,0.5548729253122093,2.9680548463186724,-0.4718500076097509
105,-0.7172170457031872,0.19178724397199323,-0.3528020048043981,0.7522307756277401,-0.6839883856693708,-0.9856139394487823,-0.19002044312108013,2.4024031898537954,-0.2994292092182497,-1.0200389000889156,-0.42754369304857665,0.9722050209910468,-1.375361377206828,-2.5066922353448873,2.428612643898684,0.9470331744608559
106,-0.9272120897571632,-0.5442965354167041,-0.9011031414910922,-0.1486242012397487,-1.3861217919505011,-1.0336838858973758,0.0007332341230549406,0.06563943141677064,0.06850845812488517,-0.7172399120156373,0.18668372715034728,0.7885874549958394,-0.7543850981786533,-0.517980264221845,3.0679288553689608,-0.48132423474230335
107,-0.3466375561961699,-0.5263432725047846,-0.31624859569195257,0.9023732717723215,-1.105268429438049,-1.466313403934717,-0.2703377809080846,0.9519980984101246,0.06850845812488517,-0.76049691031182,-0.3397969187344446,-0.270744656514973,-0.8244439604279857,-2.2919771326021516,1.9170844122739796,0.28715900069560946
108,-0.964270038707864,-0.9392683194789319,-1.559064505515126,-0.1486242012397487,-0.5435617044131448,0.10397151338600247,0.010772901346430717,0.22679555268828971,0.8569463167173175,-1.0200389000889156,-0.42754369304857665,0.576721032693677,-1.3849148584226463,0.11672322439734927,3.2615082320075928,-0.4635749893739673
109,-1.7177816673721322,-0.8854085307431735,1.2189945870307932,0.1516607910494142,-0.4031350231569187,0.7128575017348534,0.8942636170034786,-0.5789850536693052,1.5753008101015336,-1.0416673992370071,0.01119017852208315,0.9157073083771367,-0.21302116261562898,2.2320180104679292,2.0676287218621927,1.7796459547332766
110,-1.9030714121256387,1.2600063872312008,-1.997705414864481,0.00151829490483276,0.5096384050085507,1.4178833829808906,0.5529149314087102,-0.9818753568481025,3.4850725120254245,-0.9335249034965505,-0.9101509517763026,0.28010804147064966,-0.5887914237711399,2.008988296562867,2.005647061189192,0.13927582948818326
111,-0.5936905492008488,0.08406766650047684,-0.7183360959288614,0.45194578333857716,-0.8244150669255969,0.4084145075604276,0.24168524748406822,-0.8207192355765833,-0.6498460352593305,-1.3228378881621943,-0.25205014442031254,0.2377347570102168,-1.343516439820768,-0.39414521408094066,2.7302355740824766,0.07867055304722265
112,-1.5324919226186235,0.30848345289946993,2.0231695875046105,0.1516607910494142,0.2287850424960986,-0.8734507310687308,0.0007332341230549406,1.9189348260392383,-0.9477003373942492,-0.5442119188309068,1.195771631762865,-0.15774923128715287,-0.44548920553386884,-1.8429252850065454,1.0792886364025276,1.9995965104868512
113,-1.964834660376809,-1.4329830495567168,0.4879264047818666,0.45194578333857716,-0.8244150669255969,0.29625129918037646,-0.019346100323696165,0.4685297345955679,-0.2643875266141416,-0.8556623065634217,0.6254175987210076,-0.42611336620322526,-0.9964066223127112,-0.6463972313851186,3.2094383309145047,1.061338967592653
114,-1.1372071338111391,-0.8495020049193348,0.4879264047818666,0.9023732717723215,-1.105268429438049,0.4244378230432924,0.2617645819308193,0.5491077952313275,-0.9652211786963032,-0.9335249034965505,-0.12042998294911446,0.8168363113027944,-1.1524468155044063,-0.6988843272229938,2.7422238070367,1.3239380723766818
115,-2.4342353470856977,-0.741782427447818,-0.6086758685915216,0.6020882794831586,-1.035055088809936,0.26420466821464744,0.1412885752503127,1.2743103409531629,0.7343004276029387,-1.3660948864583768,3.3016942153020326,0.36485461039151473,-1.0823879532550738,0.6817561683741077,5.475529228994621,1.3442712233930505
116,-1.4583760247172197,-0.7776889532716569,-1.3762974599528943,0.3918887848807448,-0.9648417481818229,-0.5049144749628477,-0.4309724564820932,-0.4984069930335457,-0.10669995489565505,-1.3444663873102856,-0.03268320863498288,1.0145783054514796,-0.8021525042577436,-0.35763888055047,3.9901927824352503,-0.3026397845306565
117,-0.7172170457031872,-0.6520161128882207,-0.6452292777039688,0.9023732717723215,0.5798517456366638,-0.47286784399711873,0.060971237463308264,-0.17609475049050752,0.03346677552077743,-1.2968836891844846,0.44992405009274344,0.491974463772812,-1.2798265650486473,-0.15164277953775823,2.727907713358609,0.6901482425075016
118,-0.28487430794500185,0.9817308120964493,-1.4128508690653407,-1.0494791781072375,-1.3861217919505011,-1.0657305168631048,-0.7823608093002373,0.5491077952313275,-1.3331588460394383,-0.7172399120156373,-1.1295178875616327,-0.6944775011192976,-1.1938452341062846,-3.440799419951177,1.777865909282968,-1.903027404411359
119,-1.2360283310130102,0.9817308120964493,-1.3397440508404481,-0.1486242012397487,-0.8946284075537099,-0.47286784399711873,-0.3908137875885912,0.06563943141677064,0.48900864937418265,-1.634288275894709,-0.12042998294911446,0.6190943171541092,-0.5824224362939279,-0.7793583003827321,3.1426110028923184,-0.35622883021254875
120,-1.9154240617758747,0.057137772132597436,0.19549913188229598,0.1516607910494142,-0.2627083419006926,0.9692305494606847,0.7637479430995966,-0.3372508717620266,0.41892528416596636,-0.7821254094599113,-0.6907840159909724,1.0993248743723447,-0.38816831823896036,1.0459833624097234,1.992565627784599,1.1253454920042283
121,-1.7795449156233003,-0.25704432882599304,3.156325269990446,2.7040832255072993,1.3521984925459072,1.4178833829808906,3.0628317372525964,0.8714200377743652,0.48900864937418265,0.4074420436851112,-0.12042998294911446,1.5230577189766694,-0.8976873164159244,1.889844319094126,-0.3582725239081271,5.345388179195747
122,-0.7172170457031872,1.8793939576924215,1.3286548143681314,2.103513240928973,0.15857170186798558,-0.15240153433982878,0.10112990635681048,0.5491077952313275,0.20867518854131764,-1.288232289525248,-0.16430337010618049,0.7179653142284521,-1.216136690276527,-1.6646523941866078,0.9389909098134271,3.0102218879464266
123,0.060999882261548254,3.1091924671589037,-0.8645497323786466,0.6020882794831586,-0.9648417481818229,0.5205777159404794,0.6231926019723388,-0.4984069930335457,0.7343004276029387,-1.0632958983850984,-0.9978977260904346,0.6897164579214972,-1.1683692841974365,-0.653840438701305,0.8743915288827261,0.483442366344177
124,-1.3966127764660516,1.7716743802209045,0.08583890454495782,0.45194578333857716,-1.245695110694275,0.9051372875292266,1.0046999564606094,-1.223609538755381,2.311176144787803,-0.9767819017927332,-0.9101509517763026,1.4524355782092822,-1.1683692841974365,1.383771313456699,2.044345404904937,1.4812369749959384
125,-1.1495597834613727,-0.15830138281043576,-0.7183360959288614,0.45194578333857716,-1.035055088809936,0.4885310849747504,0.6231926019723388,0.06563943141677064,-0.42207509833262774,-0.9940847011112063,-0.42754369304857665,0.9439561646840917,-1.1747382716746486,-0.13690962792569747,2.9839877784718496,0.4348261156167761
126,-0.7048643960529536,-0.7238291645358985,-0.27969518657950543,0.6020882794831586,-0.9648417481818229,0.7128575017348534,1.125175963141116,0.22679555268828971,0.313800236353642,-0.48365212121625106,-1.1733912747186988,0.32248132593108186,-1.2575351088784053,0.054429043778139924,1.7914721550714336,0.6875779128728017
127,-1.4954339736679227,-0.18523127717831514,1.5114218599303622,2.7040832255072993,-0.5435617044131448,-0.2645647427198806,0.2115662458139418,1.7577787047677191,0.29627939505158796,-0.8902679052003678,0.05506356567914918,-0.24249580020801795,-0.8945028226773183,-2.2587232136670936,1.7085730278264502,3.361175555386423
128,-0.7789802939543575,-0.6340628499763014,-0.24314177746705992,1.5029432563506473,-0.8244150669255969,-0.12035490337409979,0.4223992575048282,0.3073736133240493,0.5415711732803444,-1.270929490206775,-0.29592353157737855,0.2377347570102168,-1.2893800462644653,-0.678207208363075,2.7419347572096835,1.2965075188296598
129,-1.1866177324120757,1.7626977487649451,0.04928549543251068,0.7522307756277401,-1.3861217919505011,-0.31263468916847376,-0.2803774481314601,0.4685297345955679,-0.42207509833262774,-1.0632958983850984,-0.7346574031480384,-0.05887823421281061,-0.5314705364762314,-2.535449412637101,1.6267530379384725,0.7828001731822579
130,-0.17370046109289708,-0.8854085307431735,-0.17003495924216727,-0.4489091935289116,1.5628385144302461,-1.2580103026574785,-0.7823608093002373,-1.223609538755381,-1.1404295917168439,-0.414440923942359,-0.8662775646192364,-1.8668050378579302,-0.37224584954593026,-1.8768051607632474,-0.24096676284608978,-1.1800133553094847
131,-0.14899516179242764,0.5867590280342214,0.12239231365740333,0.1516607910494142,0.2989983831242116,-1.5944999277976326,-0.812479810970364,-0.9818753568481025,-1.3331588460394383,0.14790005390801558,-0.9540243389333686,-1.6831874718627227,-0.6906952234065328,-3.3721934199842627,-0.5297398009620827,-0.7238225948116607
132,-0.23546370934406516,-0.02365191097103996,0.12239231365740333,1.3528007602060659,-0.12228166064446655,-1.8348496600406,-0.942995484874246,-0.7401411749408239,-1.3331588460394383,0.2776710487965634,-1.3050114361898963,-1.7679340407835875,-0.595160411248352,-4.153460524333161,-0.37315697867529274,-0.1676398159837188
133,-0.37134285549663937,1.0894503895679657,-0.023821322792381975,0.6020882794831586,0.4394250643804377,-0.9535673084830533,-0.8325591454171151,-1.5459217812984185,-1.3156380047373843,-0.02512793927671512,-0.7785307903051044,-1.8668050378579302,-0.467780661704111,-3.0360494212962355,-0.5207911473688915,-0.4533013014691841
134,-0.6060431988510825,-0.9841514767587306,-0.42590882302929073,-0.5990516896734931,-1.035055088809936,-0.47286784399711873,-1.4550185132663989,1.9189348260392383,-0.5972835113531684,0.1695285530561068,-0.9101509517763026,-1.5560676184814253,-0.30855597477380975,-3.3515015714547767,0.6500217809534676,-1.1013997885920612
135,-0.49486935199897775,0.11099756086835583,-0.6086758685915216,-0.29876669738433015,-0.4031350231569187,-1.081753832345969,-1.3747011754793943,2.1606690079465167,-1.1404295917168439,0.8832690249431201,-0.9978977260904346,-1.4571966214070826,-0.16525375653653862,-4.332926299446781,-0.49980122502202096,-1.0991241041153397
136,-0.9272120897571632,2.1397162699152537,0.6341400412316519,0.45194578333857716,-0.7542017262974838,-1.466313403934717,-1.56545485272353,1.3548884015889224,-1.3857213699456004,-0.5225834196828154,-0.9101509517763026,-1.8950538941648851,-0.08564141307138798,-5.537712107839113,-0.21861269550029716,0.22182779984104808
137,-0.5813378995506152,2.8488701549360718,0.9996741323561151,1.653085752495229,-0.2627083419006926,-0.8093574691372728,-1.4349391788196477,2.1606690079465167,-0.8600961308839788,-0.02512793927671512,-0.6030372416768408,-1.3018279117188303,-0.7384626294856231,-5.566999914935691,-0.9329386324124747,1.71221541921454
138,0.6045164668718385,1.1253569153918046,-0.6452292777039688,0.00151829490483276,-0.8244150669255969,-1.081753832345969,-1.5554151855001543,1.7577787047677191,-1.2455546395291681,0.2776710487965634,-0.6469106288339064,-1.1182103457236228,-0.5314705364762314,-4.375967251466575,-0.49333816130066716,-1.0268314134224492
139,-0.1984057603933643,0.5598291336663421,0.8900139050187754,1.3528007602060659,0.08835836123987255,0.03987825145454448,-1.4349391788196477,1.3548884015889224,-1.3682005286435464,-0.05973353791366126,-0.29592353157737855,-0.6521042166588654,-0.49962559909017124,-3.358009979797511,-0.41292257312259084,1.2419143328305662
140,-0.08723191354125955,0.4251796618269463,1.2189945870307932,0.45194578333857716,-0.2627083419006926,-1.2099403562088848,-1.5353358510534032,1.3548884015889224,-1.4733255764558706,-0.19815593246144583,-0.8224041774621704,-0.42611336620322526,-0.467780661704111,-3.9298349578398546,-0.40560334098465345,0.6096701239723741
141,0.443932021418797,0.20076387542795315,-0.06037473190482749,0.1516607910494142,-0.7542017262974838,-1.434266772968988,-1.5353358510534032,0.06563943141677064,-1.666054830778465,0.23441405050038053,-1.1295178875616327,-0.20012251574758508,0.10542821124497352,-3.233685980074388,-0.5268056460443323,-0.9716430323608525
142,0.6415744158225393,0.7483383942414963,1.2921014052556858,1.2026582640614845,-0.19249500127257957,-1.1939170407260205,-1.515256516606652,1.1131542196816437,-1.8237424024969515,-0.3062984282019024,-0.29592353157737855,-0.7792240700401627,-0.722540160792593,-4.222323370226313,-0.691858600940126,0.9469529317999736
143,0.7651009123248776,2.3461787934023275,-0.06037473190482749,0.1516607910494142,-0.5435617044131448,-0.47286784399711873,-1.2341458343521368,0.8714200377743652,-1.0002628613004114,-0.2846699290538108,-0.20817675726324653,-0.7933484981936405,-0.6270053486344123,-3.359032555509444,-0.6821228845175341,-0.2528839940533317
144,-0.9272120897571632,1.3856792276146368,-0.6086758685915216,-0.29876669738433015,0.8607051081491158,-1.466313403934717,-1.254225168798888,-0.5789850536693052,-0.7900127656757631,1.3634217060307479,-1.3488848233469624,-0.8639706389610278,0.3442652416404254,-3.1252217973184258,-1.6405619844446275,-1.2451252259210597
145,0.19687902841412025,1.1074036524798851,-0.791442914153754,0.45194578333857716,0.15857170186798558,-1.2740336181403429,-1.4851375149365253,0.5491077952313275,-0.509679304842898,-0.4576979222385415,-1.5682517591322924,-1.3159523398723079,0.26465289817527476,-3.7131888344881143,-0.7964295905433699,-0.855961081803374
146,1.0862698032309606,2.426968476505965,-0.4990156412541834,0.1516607910494142,-1.3861217919505011,-2.107246023249296,-1.6959705266274119,0.3073736133240493,-1.5959714655702488,-0.06838493757289761,-1.6559985334464244,-1.81030732524402,-1.0569120033462256,-6.053737416529985,-0.9187734884023439,-1.4581969616385642
147,-0.16134781144266347,2.040973323899697,0.41481958655697393,0.6020882794831586,-0.9648417481818229,-0.9535673084830533,-1.38474084270277,0.8714200377743652,-1.2805963221332761,1.121182515572125,-1.8314920820746883,-1.0617126331097126,-0.38816831823896036,-5.066620017402908,-1.7998734895338793,-0.11078403762472082
148,0.3945214228178625,0.8111748144332146,0.04928549543251068,0.6020882794831586,-0.5435617044131448,-0.5850310523771702,-1.274304503245639,0.7102639165028465,-0.5972835113531684,1.454261402452731,-1.787618694917622,-1.4006989087931725,-0.30855597477380975,-3.969787583384952,-2.221070181798845,-0.47252793457207803
149,0.0980578312122491,1.4036324905265563,-0.023821322792381975,0.6020882794831586,0.930918448777229,-1.4182434574861233,-0.6418054681729798,-0.17609475049050752,-0.7900127656757631,1.878179985755321,-1.6998719206034905,-1.81030732524402,-0.6270053486344123,-4.100737555024132,-2.8864905022032312,-0.49595981023508223
150,0.6168691165220721,0.7034552369616978,0.9265673141312225,1.3528007602060659,1.6330518550583593,-1.434266772968988,-0.46109145815221986,-1.1430314781196214,-0.5972835113531684,1.5321239993858595,-1.6121251462893584,-1.8526806097044526,-0.7862300355647135,-3.2820177069366103,-3.3324048619681044,0.43768174361877693
151,-0.26016900864453457,0.29950682144351004,0.41481958655697393,0.7522307756277401,0.8607051081491158,-1.306080249106072,-0.6719244698431063,-0.9818753568481025,-0.5797626700511143,2.483777961901878,-2.0947324050170844,-1.6125653310953352,-0.849919910336834,-3.6060055073258326,-2.8924670862121813,-0.31226799865091975
152,0.13511578016294998,-0.3916938006653888,1.401761632593024,1.8032282486398103,1.141558470661568,-0.15240153433982878,-0.7522418076301107,-0.8207192355765833,-0.05413743098949287,0.8832690249431201,-1.5243783719752264,-1.81030732524402,-1.0250670659601653,-2.563320467385132,-2.1604176157175305,1.3625897815878816
153,0.28334757596575777,0.8650346031689726,-0.31624859569195257,-0.29876669738433015,-0.12228166064446655,-0.7933341536544083,-1.20402683268201,1.9995128866749978,0.48900864937418265,2.3626583666725662,-1.743745307760556,-1.5560676184814253,-0.2289436313086591,-3.903433986720277,-3.024907135034717,-0.9646286882006686
154,-0.519574651299445,-0.9392683194789319,-0.9742099597159848,0.1516607910494142,0.2287850424960986,-1.306080249106072,-1.4550185132663989,1.3548884015889224,-0.33447089182235784,1.0995540164240332,-1.6559985334464244,-1.4995699058675152,-0.34040091215987,-3.8709153603009794,-0.5796667233115801,-1.1904046839669828
155,0.20923167806435386,2.561617948345361,-0.17003495924216727,0.7522307756277401,-0.4733483637850317,-0.8894740465515953,-1.4048201771495212,1.9995128866749978,-0.07165827229154693,1.2293250113125815,-1.5682517591322924,-1.5984409029418578,-0.06971894437835786,-5.0980544439615425,-2.5489562051144636,-0.09403686133596298
156,1.0368592046300238,1.6011183825576702,0.04928549543251068,0.00151829490483276,-0.7542017262974838,-0.7933341536544083,-1.20402683268201,0.9519980984101246,-0.05413743098949287,1.7094776924002084,-1.6998719206034905,-1.3724500524862178,-0.849919910336834,-4.086831117676858,-2.7226702732220573,-0.7823225555084373
157,-0.6801590967524864,0.62266555385806,0.9996741323561151,2.253655737073555,-0.19249500127257957,-0.6331009988257638,-1.4550185132663989,2.1606690079465167,-0.7900127656757631,1.0562970181278508,-1.2611380490328303,-1.2453301991049202,0.423877585105576,-4.797233129547384,-1.855273380736373,1.6020259689000298
158,1.654491687141718,-0.5891796926965027,1.2189945870307932,1.653085752495229,-0.12228166064446655,0.8089973946320397,-0.722122805959984,1.3548884015889224,1.9432384774446685,3.435431924417896,-1.6998719206034905,-0.9204683515749378,-0.2767110373877495,-1.482353054364427,-4.971087514280778,1.1600385659132488
159,0.5921638172216048,-0.5981563241524624,0.9996741323561151,0.9023732717723215,-0.7542017262974838,0.4885310849747504,-0.9329558176508704,1.2743103409531629,1.2248839840604524,2.8947194457156127,-1.6998719206034905,-1.1747080583375327,-0.40409078693199046,-2.276759784634579,-3.4035003249946296,0.5485596972407241
160,-0.7913329436045912,1.3407960703348383,0.04928549543251068,0.45194578333857716,-0.8244150669255969,0.007831620488815484,-1.1136698276716304,1.1131542196816437,-0.9652211786963032,1.121182515572125,-1.743745307760556,-1.4571966214070826,-0.722540160792593,-4.445058441484184,-1.0439173598889002,-0.09099872392221998
161,0.8515694598765152,0.8291280773451336,0.6341400412316519,0.1516607910494142,0.5096384050085507,-0.7452642072058149,-1.4750978477131498,1.1131542196816437,-1.3857213699456004,0.35553364572969204,0.01119017852208315,-1.1182103457236228,-0.21302116261562898,-3.1680602645480023,-1.6623589525564944,-0.10137693249611501
162,-0.1860531107431307,0.8381047088010936,0.7803536776814372,0.7522307756277401,0.4394250643804377,-1.0336838858973758,-1.4349391788196477,1.9189348260392383,-1.1053879091127357,0.2257626508411442,-0.38367030589151063,-0.7086019292727754,-0.5633154738622917,-4.0272188754024265,-0.7863649178269886,0.8042152181010319
163,-0.0501739645905565,0.9996840750083688,-0.06037473190482749,-0.29876669738433015,0.4394250643804377,-1.4502900884518524,-1.3345425065858922,0.3073736133240493,-1.1404295917168439,0.09599165595259637,-1.2172646618757643,-1.2170813427979652,-0.2289436313086591,-3.673415565736873,-0.9870723287785746,-0.8849395211306296
164,0.96274330672862,0.3802965045471474,-0.24314177746705992,0.7522307756277401,-0.6839883856693708,-1.51438335038331,-1.3546218410326432,0.38795167395980834,-0.9827420199983573,1.9560425826884495,-1.1295178875616327,-1.3159523398723079,-0.4200132556250206,-4.1709391729857614,-2.1995390309708727,-0.9834007272249329
165,0.9009800584774519,1.816557537500704,-0.38935541391684525,0.9023732717723215,-0.8244150669255969,-1.6265465587633616,-1.56545485272353,1.2743103409531629,-0.772491924373709,0.6756354331214436,-0.7785307903051044,-1.2170813427979652,-0.722540160792593,-4.992219506685828,-1.2480813643497097,-0.46602912777853506
166,0.5551058682709018,1.224099861407362,0.8534604959063299,1.052515767916903,0.7904917675210028,-0.9535673084830533,-1.1136698276716304,0.5491077952313275,-0.22934584401003347,2.4318695639464587,-0.4714170802056427,-1.4854454777140376,-0.16525375653653862,-3.402754158913621,-3.666145261246591,0.42822621079959267
167,-0.22311105969383155,0.9278710233606909,-0.24314177746705992,0.00151829490483276,-0.8244150669255969,-1.306080249106072,-1.3747011754793943,0.3073736133240493,-1.0878670678106817,2.2501901711024916,-1.0417711132475007,-1.2170813427979652,-0.19709869392259885,-4.142351346217265,-1.8023401582515324,-1.2133582715051427
168,0.7156903137239432,0.21871713833987264,1.182441177918346,1.5029432563506473,0.36921172375232464,-1.1939170407260205,-1.1939871654586347,0.22679555268828971,-0.08917911359360099,1.5580781983635694,-0.9540243389333686,-1.1464592020305777,0.009893399086792766,-3.0849835369307863,-2.9380814440052934,0.7637825515581327
169,0.49334262001973367,2.0319966924437365,1.8038491328299326,1.653085752495229,0.8607051081491158,-0.5049144749628477,-1.073511158778128,-0.7401411749408239,-0.8425752895819248,1.4888670010896772,-1.2611380490328303,-0.9769660641888479,-0.37224584954593026,-3.3671403675981773,-3.6609285913998835,1.418044029496829
170,-0.9889753380083335,0.62266555385806,-0.17003495924216727,-0.1486242012397487,-0.2627083419006926,-1.674616505211955,-1.5453755182767788,0.3073736133240493,-1.5083672590599788,0.19115705220419807,-1.3050114361898963,-1.1040859175701452,-0.7543850981786533,-4.541912622662239,0.35531989101275097,-0.8471291521285035
171,-0.28487430794500185,0.048161140676637904,-0.31624859569195257,0.00151829490483276,-0.9648417481818229,-1.4502900884518524,-1.5252961838300276,0.9519980984101246,-1.666054830778465,2.0944645446662506,-1.6998719206034905,-1.3865744806396954,-0.8817648477228942,-5.201362536507074,-1.1988964986691684,-1.339420231085513
172,1.4321439934375084,0.1558807181481543,0.41481958655697393,0.1516607910494142,-0.6137750450412578,-0.9856139394487823,-1.3345425065858922,0.6296858558670869,-0.6148043526552224,2.0079509806438685,-1.4805049848181604,-1.2735790554118753,-0.2767110373877495,-3.4868224483764196,-3.102499314138717,-0.9187809604264782
173,0.8762747591769846,2.9745429953195086,0.3051593592196358,0.3018032871939957,-0.33292168252880566,-0.9856139394487823,-1.4248995115962724,1.2743103409531629,-0.9301794960921951,1.1428110147202162,-1.3927582105040284,-1.2312057709514428,-0.021951538299267485,-4.766640958791272,-3.134306159731818,-0.3425695124143113
174,0.49334262001973367,1.412609121982516,0.41481958655697393,1.052515767916903,0.15857170186798558,-0.7933341536544083,-1.2843441704690146,0.5491077952313275,-0.3169500505203038,0.9697830215354855,-1.1295178875616327,-1.4854454777140376,0.009893399086792766,-3.6797212534980517,-2.4850975803549558,0.20758135498126173
175,0.33275817456669227,1.744744485853026,-0.38935541391684525,0.1516607910494142,1.42241183317402,-1.1298237787945624,-1.3445821738092678,0.5491077952313275,-0.42207509833262774,2.2242359721247817,-1.6121251462893584,-1.4854454777140376,0.28057536686830487,-3.787036883412428,-3.904500996358254,-0.9409418766769797
176,0.20923167806435386,0.22769376979583217,0.012732086320065164,0.1516607910494142,1.42241183317402,-1.0336838858973758,-1.3546218410326432,1.3548884015889224,-0.22934584401003347,1.8349229874591386,-1.5682517591322924,-1.4006989087931725,0.296497835561335,-3.3757519441041506,-3.2489388319226733,-0.5506961970110739
177,1.3950860444868076,1.5831651196457504,1.3652082234805785,1.5029432563506473,-0.2627083419006926,-0.39275126658279663,-1.274304503245639,1.596622583496201,-0.42207509833262774,1.7916659891629554,-1.5243783719752264,-1.4289477651001277,-0.595160411248352,-4.537869314184234,-3.915843603424684,1.0139136641131299
